name,token
Corked Vial,$item_blobvial
Bonemaw Scale,$item_bonemawscale
Candle Wick,$item_candlewick
Cured Squirrel Hamstring,$item_curedsquirrelhamstring
Basic Fireworks,$item_fireworkrocket_white
Ancient Metal,$item_flametal_old
Glowing Metal Ore,$item_flametalore_old
Fragrant Bundle,$item_fragrantbundle
Fresh Seaweed,$item_freshseaweed
Liquid Frost,$item_frozenfuel
Iron Pit,$item_ironpit
item_larva,$item_larva
Blue Mushroom,$item_mushroomblue
item_pot_shard_red,$item_pot_shard_red
Powdered Dragon Eggshells,$item_powdereddragonegg
Pungent Pebbles,$item_pungentpebbles
item_runetile,$item_runetile
item_smallparts_gold_uncooked,$item_smallparts_gold_uncooked
Fiery Spice Powder,$item_spiceashlands
Seasoning of the Gourd,$item_spicedeepnorth
Woodland Herb Blend,$item_spiceforests
Herbs of the Hidden Hills,$item_spicemistlands
Mountain Peak Pepper Powder,$item_spicemountains
Seafarer's Herbs,$item_spiceoceans
Grasslands Herbalist Harvest,$item_spiceplains
Thunder Stone,$item_thunderstone
item_trophy_deer_white,$item_trophy_deer_white
item_upgrader_tier7 $item_upgrader_armor $item_upgrader_name,$item_upgrader_tier7 $item_upgrader_armor $item_upgrader_name
item_upgrader_tier7 $item_upgrader_weapon $item_upgrader_name,$item_upgrader_tier7 $item_upgrader_weapon $item_upgrader_name
Ymir Flesh,$item_ymirremains
Bonemass heart,Bonemass heart
Elder heart,Elder heart
Stamina Greydwarf,Stamina Greydwarf
Stamina Troll,Stamina Troll
Stamina Wraith,Stamina Wraith
Yagluth thing,Yagluth thing
